player,steam_id,kdr,adr,hs_pct,rating,winrate,kills
gfelicio,765611980325002,N/D,"77
1
DAMAGE
49154
ROUNDS
641","32%
1
KILLS
438
DEATHS
502
ASSISTS
174
HEADSHOTS
142",1.04,"55%
2
PLAYED
31
WON
17
LOST
11
TIED
3",103
wEs,76561198132161703,N/D,"83
1
DAMAGE
21408
ROUNDS
259","45%
KILLS
219
DEATHS
189
ASSISTS
55
HEADSHOTS
98","1.2
0.01","38%
4
PLAYED
13
WON
5
LOST
7
TIED
1",66
BioAlarcon,76561198142586737,N/D,"65
1
DAMAGE
69893
ROUNDS
1081","33%
1
KILLS
640
DEATHS
755
ASSISTS
245
HEADSHOTS
209","0.95
0.01","44%
1
PLAYED
50
WON
22
LOST
24
TIED
4",236
JOGod,76561198108327040,N/D,"82
1
DAMAGE
61570
ROUNDS
747","34%
KILLS
617
DEATHS
528
ASSISTS
180
HEADSHOTS
212","1.24
0.02","46%
2
PLAYED
35
WON
16
LOST
18
TIED
1",223
ManoShaco,76561198165632395,N/D,"69
1
DAMAGE
87855
ROUNDS
1272","35%
KILLS
777
DEATHS
985
ASSISTS
338
HEADSHOTS
269",0.95,"48%
1
PLAYED
61
WON
29
LOST
30
TIED
2",234
Anjoz,76561198175607141,N/D,"84
1
DAMAGE
42871
ROUNDS
510","43%
1
KILLS
433
DEATHS
357
ASSISTS
100
HEADSHOTS
185","1.26
0.03","60%
2
PLAYED
25
WON
15
LOST
9
TIED
1",135
TioZo,76561198011851282,N/D,"80
DAMAGE
61539
ROUNDS
771","35%
1
KILLS
521
DEATHS
576
ASSISTS
192
HEADSHOTS
184","1.03
0.01","33%
2
PLAYED
36
WON
12
LOST
23
TIED
1",136
MARMOT,76561198071926624,N/D,"78
3
DAMAGE
28162
ROUNDS
360","41%
1
KILLS
267
DEATHS
262
ASSISTS
82
HEADSHOTS
109","1.13
0.05","39%
4
PLAYED
18
WON
7
LOST
11
TIED
0",67
