player,id,partidas,kdr,adr,kills,died,kast_pct,multi_kills,first_kills,hs_pct,plan._bombs,defu._bombs,mes
gfelicio,325002,9,0.83,66.1,112,135,63%,24,26,39%,9,3,2026-04
wEs,1718975,0,1.11,85.95,392,354,67%,100,66,43%,20,10,2026-04
BioAlarcon,1823210,4,0.71,64.34,49,69,58%,10,8,45%,6,0,2026-04
JOGod,1480613,17,1,83.59,256,257,66%,58,26,41%,16,8,2026-04
ManoShaco,2053668,19,0.65,59.2,200,306,59%,38,25,36%,23,3,2026-04
Anjoz,2153414,6,1.15,70.74,91,79,68%,27,11,30%,9,3,2026-04
TioZo,515855,19,0.89,76.42,252,284,68%,58,26,39%,29,6,2026-04
MARMOT,1116597,11,0.95,76.49,161,170,67%,41,20,42%,6,1,2026-04
Baludinho,1571977,7,0.97,78.39,103,106,66%,24,18,52%,7,2,2026-04
